{"model_name": "XGBoost", "features": ["Date", "Close", "High", "Low", "Open", "Volume", "avg_sentiment", "tweet_count", "next_day_change", "5_day_ma", "10_day_volatility", "daily_return", "sentiment_lag1", "sentiment_ma3"], "metrics": {"MAE": 0.004943403639620058, "RMSE": 0.012335170044801355, "R2": 0.8168177118331751, "Accuracy": 0.9183673469387755, "F1": 0.9166666666666666}, "training_date": "2025-04-19"}